Ocupação;Quantitativo;Porcentagem;Ano
Administrador;177;0,0118;1998
Advogado;1425;0,0947;1998
Agenciador de Propaganda;1;0,0001;1998
Agente Administrativo;19;0,0013;1998
Agente de Serviços Funerários e Embalsamador;1;0,0001;1998
Agente de Viagem e Guia de Turismo;7;0,0005;1998
Agrônomo;63;0,0042;1998
Alfaiate;3;0,0002;1998
Analista de Sistemas;26;0,0017;1998
Aposentado (Exceto Funcionário Público);212;0,0141;1998
Arquiteto;42;0,0028;1998
Assistente Social;33;0,0022;1998
Astrônomo e Meteorologista;1;0,0001;1998
Atleta Profissional e Técnico em Desportos;10;0,0007;1998
Ator e Diretor de Espetáculos Públicos;12;0,0008;1998
Auxiliar de Escritório e Assemelhados;68;0,0045;1998
Bancário e Economiário;232;0,0154;1998
Bibliotecário, Arquivista, Museólogo E Arqueólogo;3;0,0002;1998
Biólogo e Biomédico;11;0,0007;1998
Bombeiro e Instalador De Gás, Agua, Esgoto E Assemelhados;7;0,0005;1998
Cabeleireiro, Barbeiro, Manicure, Maquilador, Esteticista e Massagista;30;0,002;1998
Cantor e Compositor;15;0,001;1998
Chefe Intermediário;3;0,0002;1998
Comissario de Bordo;2;0,0001;1998
Comunicólogo;11;0,0007;1998
Contador;129;0,0086;1998
Contramestre de Embarcações;1;0,0001;1998
Corretor de Imóveis, Seguros, Titulos e Valores;97;0,0064;1998
Decorador;3;0,0002;1998
Delegado de Policia;69;0,0046;1998
Desenhista Comercial;18;0,0012;1998
Desenhista Industrial;1;0,0001;1998
Desenhista Técnico;8;0,0005;1998
Despachante, Inclusive o Aduaneiro;13;0,0009;1998
Diplomata;2;0,0001;1998
Diretor de Empresas;70;0,0047;1998
Diretor de Estabelecimento de Ensino;8;0,0005;1998
Economista;184;0,0122;1998
Eletricista de Manutenção de Veículos Automotores e Aparelhos;1;0,0001;1998
Eletricista e Assemelhados;44;0,0029;1998
Empregado Doméstico;3;0,0002;1998
Empresário e Produtor de Espetáculos Públicos;307;0,0204;1998
Enfermeiro e Nutricionista;63;0,0042;1998
Engenheiro;464;0,0309;1998
Escultor, Pintor e Assemelhados;15;0,001;1998
Estatístico;2;0,0001;1998
Estivador, Carregador, Embalador e Assemelhados;10;0,0007;1998
Estudante, Bolsista, Estagiário e Assemelhados;299;0,0199;1998
Farmacêutico;18;0,0012;1998
Feirante;6;0,0004;1998
Fiscal;18;0,0012;1998
Fisioterapeuta e Terapeuta Ocupacional;13;0,0009;1998
Funcionário Público Civil Aposentado;76;0,0051;1998
Garimpeiro;4;0,0003;1998
Gerente;47;0,0031;1998
Geógrafo;9;0,0006;1998
Geólogo;18;0,0012;1998
Governanta de Hotel, Camareiro, Porteiro, Cozinheiro e Garcom;8;0,0005;1998
Joalheiros e Ourives;4;0,0003;1998
Jornaleiro;1;0,0001;1998
Jornalista;201;0,0134;1998
Lanterneiro e Pintor de Veículos Metálicos;9;0,0006;1998
Locutor e Comentarista de Rádio e Televisão e Radialista;82;0,0055;1998
Maquinista e Foguista de Embarcações, Locomotivas e Assemelhados;7;0,0005;1998
Marinheiro e Assemelhados;8;0,0005;1998
Mecanico de Manutenção de Veículos Automotores e Máquinas;36;0,0024;1998
Mecânico de Manutenção, Operador de Aparelhos de Produção Industrial;25;0,0017;1998
Membros do Poder Executivo: Presidente, Ministro, Governador, Prefeito;37;0,0025;1998
Membros do Poder Judiciário: Ministro de Tribunal Superior, Magistrado;10;0,0007;1998
Membros do Poder Legislativo: Senador, Deputados e Vereador;728;0,0484;1998
Mestre e Contramestre;2;0,0001;1998
Militar Em Geral;429;0,0285;1998
Militar Reformado;54;0,0036;1998
Motorista de Veículos de Transporte de Carga;7;0,0005;1998
Motorista de Veículos de Transporte de Passageiros;155;0,0103;1998
Médico;856;0,0569;1998
Músico;16;0,0011;1998
Ocupante de Cargo de Direção e Assessoramento Intermediário;3;0,0002;1998
Ocupante de Cargo de Direção e Assessoramento Superior;8;0,0005;1998
Odontólogo;113;0,0075;1998
Oficiais das Forças Armadas e Forças Auxiliares;7;0,0005;1998
Pensionista;21;0,0014;1998
Piloto de Aeronaves;8;0,0005;1998
Porteiro de Edifício, Ascensorista, Garagista e Faxineiro;12;0,0008;1998
Procurador d Assemelhados;24;0,0016;1998
Professor de Ensino Superior;596;0,0396;1998
Professor de Ensino de Primeiro e Segundo Graus;339;0,0225;1998
Profissionais de Letras e de Artes;3;0,0002;1998
Proprietário de Estabelecimento Agrícola, da Pecuária e Florestal;129;0,0086;1998
Proprietário de Estabelecimento Comercial;1128;0,075;1998
Proprietário de Estabelecimento Industrial;125;0,0083;1998
Proprietário de Estabelecimento de Prestação de Servicos;8;0,0005;1998
Proprietário de Microempresa;60;0,004;1998
Protético;11;0,0007;1998
Psicólogo;35;0,0023;1998
Publicitário;47;0,0031;1998
Químico;9;0,0006;1998
Relações Públicas;11;0,0007;1998
Sacerdote ou Membro de Ordens ou Seitas Religiosas;104;0,0069;1998
Secretário, Estenógrafo, Datilógrafo, Recepcionista, Telefonista, Etc;56;0,0037;1998
Securitário;11;0,0007;1998
Serventuário de Justiça;36;0,0024;1998
Servidor Público Estadual;881;0,0586;1998
Servidor Público Federal;215;0,0143;1998
Servidor Público Municipal;89;0,0059;1998
Sociólogo;20;0,0013;1998
Supervisores, Inspetor e Agente de Compras e Vendas;10;0,0007;1998
Tabelião;5;0,0003;1998
Tecnólogo;6;0,0004;1998
Trabalhador Agrícola;137;0,0091;1998
Trabalhador Florestal;1;0,0001;1998
Trabalhador Metalúrgico E Siderúrgico;39;0,0026;1998
Trabalhador da Pecuária;22;0,0015;1998
Trabalhador da Pesca;1;0,0001;1998
Trabalhador de Artes Gráficas;9;0,0006;1998
Trabalhador de Construção Civil;52;0,0035;1998
Trabalhador de Fabricação de Artefatos de Madeira;12;0,0008;1998
Trabalhador de Fabricação de Calçaados e Artefatos de Couro;3;0,0002;1998
Trabalhador de Fabricação de Papel e Papelão;1;0,0001;1998
Trabalhador de Fabricação de Roupas;3;0,0002;1998
Trabalhador de Fabricação e Preparação de Alimentos e Bebidas;4;0,0003;1998
Trabalhador de Instalações de Processamento Químico;2;0,0001;1998
Trabalhador de Usinagem de Metais;4;0,0003;1998
Trabalhador dos Servicos de Contabilidade, de Caixa e Assemelhados;7;0,0005;1998
Técnico de Biologia;2;0,0001;1998
Técnico de Contabilidade e de Estatística;52;0,0035;1998
Técnico de Eletricidade, Eletrônica e Telecomunicações;61;0,0041;1998
Técnico de Laboratório e Raios X;13;0,0009;1998
Técnico de Mecânica;11;0,0007;1998
Técnico de Química;6;0,0004;1998
Técnico em Agronomia e Agrimensura;57;0,0038;1998
Vendedor Pracista, Representante, Caixeiro-Viajante e Assemelhados;101;0,0067;1998
Vendedor de Comércio Varejista e Atacadista;239;0,0159;1998
Veterinário e Zootecnista;42;0,0028;1998
ADMINISTRADOR;269;0,0136;2002
ADVOGADO;1593;0,0803;2002
AGENTE ADMINISTRATIVO;96;0,0048;2002
AGENTE DE SAUDE E SANITARISTA;21;0,0011;2002
AGENTE DE VIAGEM E GUIA DE TURISMO;9;0,0005;2002
AGENTE POSTAL;20;0,001;2002
AGRICULTOR;224;0,0113;2002
AGRONOMO;82;0,0041;2002
ALFAIATE E COSTUREIRO;9;0,0005;2002
ALMOXARIFE;10;0,0005;2002
ANALISTA DE SISTEMAS;21;0,0011;2002
ANTROPOLOGO;8;0,0004;2002
APOSENTADO (EXCETO SERVIDOR PUBLICO);337;0,017;2002
ARQUITETO;53;0,0027;2002
ARTESAO;15;0,0008;2002
ARTISTA DE CIRCO;6;0,0003;2002
ASSISTENTE SOCIAL;40;0,002;2002
ASTRONOMO;1;0,0001;2002
ATENDENTE DE LANCHONETE E RESTAURANTE;1;0,0001;2002
ATLETA PROFISSIONAL E TECNICO EM DESPORTOS;17;0,0009;2002
ATOR E DIRETOR DE ESPETACULOS PUBLICOS;16;0,0008;2002
AUXILIAR DE ESCRITORIO E ASSEMELHADOS;80;0,004;2002
AUXILIAR DE LABORATORIO;5;0,0003;2002
BANCARIO E ECONOMIARIO;169;0,0085;2002
BIBLIOTECARIO, ARQUIVISTA, MUSEOLOGO E ARQUEOLOGO;1;0,0001;2002
BIOLOGO E BIOMEDICO;19;0,001;2002
BOMBEIRO CIVIL;2;0,0001;2002
BOMBEIRO E INSTALADOR DE GAS, AGUA, ESGOTO E ASSEMELHADOS;3;0,0002;2002
BOMBEIRO MILITAR;43;0,0022;2002
CABELEIREIRO, BARBEIRO, MANICURE, MAQUILADOR, ESTETICISTA E MASSAGISTA;44;0,0022;2002
CANTOR E COMPOSITOR;33;0,0017;2002
CHAVEIRO;1;0,0001;2002
CIENTISTA POLITICO;7;0,0004;2002
COBRADOR DE TRANSPORTE COLETIVO;7;0,0004;2002
COMERCIANTE;1376;0,0694;2002
COMERCIARIO;106;0,0053;2002
COMUNICOLOGO;15;0,0008;2002
CONTADOR;148;0,0075;2002
COREOGRAFO E BAILARINO;1;0,0001;2002
CORRETOR DE IMOVEIS, SEGUROS, TITULOS E VALORES;150;0,0076;2002
COZINHEIRO;8;0,0004;2002
DECORADOR;8;0,0004;2002
DESENHISTA;20;0,001;2002
DESPACHANTE;26;0,0013;2002
DETETIVE PARTICULAR;8;0,0004;2002
DIGITADOR;17;0,0009;2002
DIPLOMATA;3;0,0002;2002
DIRETOR DE EMPRESAS;49;0,0025;2002
DIRETOR DE ESTABELECIMENTO DE ENSINO;11;0,0006;2002
DONA DE CASA;99;0,005;2002
ECONOMISTA;172;0,0087;2002
ECONOMISTA DOMESTICO;1;0,0001;2002
ELETRICISTA E ASSEMELHADOS;51;0,0026;2002
EMPREGADO DOMESTICO;10;0,0005;2002
EMPRESARIO;1190;0,06;2002
EMPRESARIO E PRODUTOR DE ESPETACULOS PUBLICOS;34;0,0017;2002
ENCANADOR,SOLDADOR,CHAPEADOR,CALDEIREIRO,MONTADOR DE ESTRUTURA METALIC;10;0,0005;2002
ENFERMEIRO;59;0,003;2002
ENGENHEIRO;451;0,0227;2002
ENGRAXATE;1;0,0001;2002
ESCRITOR E CRITICO;20;0,001;2002
ESCULTOR, PINTOR, ARTISTA PLASTICO E ASSEMELHADOS;16;0,0008;2002
ESTIVADOR, CARREGADOR, EMBALADOR E ASSEMELHADOS;2;0,0001;2002
ESTOFADOR;2;0,0001;2002
ESTUDANTE,BOLSISTA, ESTAGIARIO E ASSEMELHADOS;271;0,0137;2002
FARMACEUTICO;35;0,0018;2002
FEIRANTE, AMBULANTE E MASCATE;10;0,0005;2002
FERROVIARIO;11;0,0006;2002
FIANDEIRO, TECELAO, TINGIDOR E TRABALHADOR ASSEMELHADO;2;0,0001;2002
FISCAL;34;0,0017;2002
FISICO;2;0,0001;2002
FISIOTERAPEUTA E TERAPEUTA OCUPACIONAL;20;0,001;2002
FONOAUDIOLOGO;5;0,0003;2002
FOTOGRAFO E TRABALHADOR ASSEMELHADO;20;0,001;2002
FRENTISTA;1;0,0001;2002
FUNILEIRO;1;0,0001;2002
GARCOM;12;0,0006;2002
GARI OU LIXEIRO;1;0,0001;2002
GARIMPEIRO;4;0,0002;2002
GEOFISICO;1;0,0001;2002
GEOGRAFO;7;0,0004;2002
GEOLOGO;12;0,0006;2002
GERENTE;47;0,0024;2002
GUARDADOR DE VEICULOS;1;0,0001;2002
HISTORIADOR;5;0,0003;2002
INDUSTRIAL;59;0,003;2002
JARDINEIRO;3;0,0002;2002
JOALHEIROS E OURIVES;6;0,0003;2002
JORNALEIRO;2;0,0001;2002
JORNALISTA E REDATOR;210;0,0106;2002
LANTERNEIRO E PINTOR DE VEICULOS;5;0,0003;2002
LEILOEIRO, AVALIADOR E ASSEMELHADOS;2;0,0001;2002
LEITURISTA;1;0,0001;2002
LOCUTOR E COMENTARISTA DE RADIO E TELEVISAO E RADIALISTA;165;0,0083;2002
MARINHEIRO CIVIL, CANOEIRO, EMBARCADO E ASSEMELHADOS;1;0,0001;2002
MATEMATICO E ATUARIO;2;0,0001;2002
MECANICO DE MANUTENCAO;54;0,0027;2002
MEDICO;857;0,0432;2002
MEMBRO DAS FORCAS ARMADAS;76;0,0038;2002
MEMBRO DO MINISTERIO PUBLICO;15;0,0008;2002
MESTRE E CONTRAMESTRE DE EMBARCACAO;1;0,0001;2002
MILITAR REFORMADO;171;0,0086;2002
MINISTRO DO PODER JUDICIARIO E MAGISTRADO;2;0,0001;2002
MODELO;1;0,0001;2002
MONTADOR DE MAQUINAS;4;0,0002;2002
MOTOBOY;7;0,0004;2002
MOTORISTA DE VEICULOS DE TRANSPORTE COLETIVO DE PASSAGEIROS;130;0,0066;2002
MOTORISTA DE VEICULOS DE TRANSPORTE DE CARGA;53;0,0027;2002
MUSICO;34;0,0017;2002
NUTRICIONISTA E TRABALHADOR ASSEMELHADO;6;0,0003;2002
OCUPANTE DE CARGO EM COMISSAO;14;0,0007;2002
ODONTOLOGO;107;0,0054;2002
OPERADOR DE APARELHOS DE PRODUCAO INDUSTRIAL;12;0,0006;2002
OPERADOR DE COMPUTADOR;15;0,0008;2002
OPERADOR DE EQUIP DE RADIO TELEV E DE SONORIZACAO E PROJECOES CINEMAT;4;0,0002;2002
OPERADOR DE EQUIPAMENTO MEDICO E ODONTOLOGICO;2;0,0001;2002
OPERADOR DE IMPLEMENTO DE AGRICULTURA, PECUARIA E EXPLORACAO FLORESTAL;1;0,0001;2002
OPERADOR DE INSTALACAO DE PRODUCAO DE ENERGIA ELETRICA E NUCLEAR;2;0,0001;2002
PADEIRO, CONFEITEIRO E TRABALHADOR ASSEMELHADO;5;0,0003;2002
PARAMEDICO;3;0,0002;2002
PECUARISTA;138;0,007;2002
PEDAGOGO;58;0,0029;2002
PESCADOR;5;0,0003;2002
PETROLEIRO;11;0,0006;2002
PILOTO DE AVIACAO COMERCIAL, NAVEGADOR, MECANICO DE VOO E ASSEMELHADOS;7;0,0004;2002
POLICIAL CIVIL;112;0,0056;2002
POLICIAL MILITAR;399;0,0201;2002
PORTEIRO DE EDIFICIO, ASCENSORISTA, GARAGISTA, FAXINEIRO E ZELADOR;15;0,0008;2002
PRESIDENTE DA REPUBLICA, MINISTRO DE ESTADO, GOVERNADOR E PREFEITO;12;0,0006;2002
PRODUTOR AGROPECUARIO;60;0,003;2002
PROFESSOR DE ENSINO DE PRIMEIRO E SEGUNDO GRAUS;884;0,0446;2002
PROFESSOR DE ENSINO SUPERIOR;298;0,015;2002
PROFESSOR E INSTRUTOR DE FORMACAO PROFISSIONAL;58;0,0029;2002
PROGRAMADOR DE COMPUTADOR;8;0,0004;2002
PROTETICO;15;0,0008;2002
PSICOLOGO;38;0,0019;2002
PUBLICITARIO;73;0,0037;2002
QUIMICO;8;0,0004;2002
RELACOES PUBLICAS;17;0,0009;2002
RELOJOEIRO E MONTADOR DE INSTRUMENTO DE PRECISAO;1;0,0001;2002
REPRESENTANTE COMERCIAL;121;0,0061;2002
SACERDOTE OU MEMBRO DE ORDEM OU SEITA RELIGIOSA;184;0,0093;2002
SECRETARIO,ESTENOGRAFO,DATILOGRAFO,RECEPCIONISTA,TELEFONISTA,TAQUIGRAF;74;0,0037;2002
SECURITARIO;12;0,0006;2002
SENADOR, DEPUTADO E VEREADOR;1159;0,0584;2002
SERRALHEIRO;13;0,0007;2002
SERVENTUARIO DE JUSTICA;42;0,0021;2002
SERVIDOR PUBLICO CIVIL APOSENTADO;172;0,0087;2002
SERVIDOR PUBLICO ESTADUAL;655;0,033;2002
SERVIDOR PUBLICO FEDERAL;417;0,021;2002
SERVIDOR PUBLICO MUNICIPAL;250;0,0126;2002
SOCIOLOGO;35;0,0018;2002
SUPERVISOR, INSPETOR E AGENTE DE COMPRAS E VENDAS;16;0,0008;2002
TABELIAO;16;0,0008;2002
TAPECEIRO;1;0,0001;2002
TAXISTA E MOTORISTA PARTICULAR;34;0,0017;2002
TECNICO CONTABILIDADE, ESTATISTICA, ECONOMIA DOMESTICA E ADMINISTRACAO;108;0,0054;2002
TECNICO DE BIOLOGIA;1;0,0001;2002
TECNICO DE ELETRICIDADE, ELETRONICA E TELECOMUNICACOES;79;0,004;2002
TECNICO DE ENFERMAGEM E TRABALHADOR ASSEMELHADO (EXCETO ENFERMEIRO);34;0,0017;2002
TECNICO DE LABORATORIO E RAIOS X;20;0,001;2002
TECNICO DE MECANICA;13;0,0007;2002
TECNICO DE MINERACAO, METALURGIA E GEOLOGIA;5;0,0003;2002
TECNICO DE OBRAS CIVIS, ESTRADAS, SANEAMENTO E TRABALHADOR ASSEMELHADO;14;0,0007;2002
TECNICO DE QUIMICA;6;0,0003;2002
TECNICO EM AGRONOMIA E AGRIMENSURA;24;0,0012;2002
TECNICO EM EDIFICACOES;8;0,0004;2002
TECNICO TEXTIL;1;0,0001;2002
TERAPEUTA;7;0,0004;2002
TORNEIRO MECANICO;4;0,0002;2002
TRABALHADOR DE ARTES GRAFICAS;13;0,0007;2002
TRABALHADOR DE CONSTRUCAO CIVIL;57;0,0029;2002
TRABALHADOR DE FABRICACAO DE ARTEFATOS DE MADEIRA;10;0,0005;2002
TRABALHADOR DE FABRICACAO DE CALCADOS E ARTEFATOS DE COURO;4;0,0002;2002
TRABALHADOR DE FABRICACAO DE PRODUTOS DE BORRACHA E PLASTICO;2;0,0001;2002
TRABALHADOR DE FABRICACAO DE ROUPAS;2;0,0001;2002
TRABALHADOR DE FABRICACAO E PREPARACAO DE ALIMENTOS E BEBIDAS;5;0,0003;2002
TRABALHADOR DE HOTELARIA;7;0,0004;2002
TRABALHADOR DE MINAS E PEDREIRAS, SONDADOR E TRABALHADOR ASSEMELHADO;2;0,0001;2002
TRABALHADOR DE USINAGEM DE METAIS;2;0,0001;2002
TRABALHADOR DOS SERVICOS DE CONTABILIDADE, DE CAIXA E ASSEMELHADOS;2;0,0001;2002
TRABALHADOR EM ATIVIDADE DE PROCESSAMENTO QUIMICO;2;0,0001;2002
TRABALHADOR FLORESTAL;3;0,0002;2002
TRABALHADOR METALURGICO E SIDERURGICO;27;0,0014;2002
VENDEDOR DE COMERCIO VAREJISTA E ATACADISTA;98;0,0049;2002
VENDEDOR PRACISTA, REPRESENTANTE, CAIXEIRO-VIAJANTE E ASSEMELHADOS;100;0,005;2002
VETERINARIO;44;0,0022;2002
VIGILANTE;76;0,0038;2002
ZOOTECNISTA;7;0,0004;2002
Administrador;341;0,0177;2006
Advogado;1434;0,0744;2006
Agenciador de Propaganda;4;0,0002;2006
Agente Administrativo;66;0,0034;2006
Agente Postal;25;0,0013;2006
Agente de Saúde e Sanitarista;21;0,0011;2006
Agente de Viagem;12;0,0006;2006
Agricultor;181;0,0094;2006
Agrônomo;36;0,0019;2006
Alfaiate e Costureiro;7;0,0004;2006
Almoxarife;7;0,0004;2006
Analista de Sistemas;34;0,0018;2006
Aposentado (Exceto Servidor Público);355;0,0184;2006
Arquiteto;42;0,0022;2006
Arquivista e Museólogo;1;0,0001;2006
Artesão;22;0,0011;2006
Artista Plástico e Assemelhados;20;0,001;2006
Artista de Circo;5;0,0003;2006
Assistente Social;40;0,0021;2006
Astrólogo;1;0,0001;2006
Astrônomo;2;0,0001;2006
Atleta Profissional e Técnico em Desportos;17;0,0009;2006
Ator e Diretor de Espetáculos Públicos;23;0,0012;2006
Auxiliar de Escritório e Assemelhados;67;0,0035;2006
Auxiliar de Laboratório;2;0,0001;2006
Bacteriologista e Assemelhados;1;0,0001;2006
Bancário e Economiário;147;0,0076;2006
Bibliotecário;5;0,0003;2006
Biomédico;5;0,0003;2006
Biólogo;14;0,0007;2006
Bombeiro Civil;3;0,0002;2006
Bombeiro Militar;89;0,0046;2006
Bombeiro e Instalador de Gás, Água, Esgoto e Assemelhados;1;0,0001;2006
Cabeleireiro e Barbeiro;42;0,0022;2006
Cantor e Compositor;48;0,0025;2006
Capitalista de Ativos Financeiros;1;0,0001;2006
Carpinteiro, Marceneiro e Assemelhados;22;0,0011;2006
Catador de Recicláveis;2;0,0001;2006
Chaveiro;1;0,0001;2006
Cientista Político;12;0,0006;2006
Cobrador de Transporte Coletivo;10;0,0005;2006
Comerciante;1358;0,0705;2006
Comerciário;99;0,0051;2006
Comissário de Bordo;1;0,0001;2006
Comunicólogo;2;0,0001;2006
Contador;144;0,0075;2006
Coreógrafo e Bailarino;2;0,0001;2006
Corretor de Imóveis, Seguros, Títulos e Valores;159;0,0083;2006
Cortador, Polidor e Gravador de Pedras;1;0,0001;2006
Coveiro;1;0,0001;2006
Cozinheiro;10;0,0005;2006
Decorador;2;0,0001;2006
Deputado;988;0,0513;2006
Desenhista;14;0,0007;2006
Despachante;23;0,0012;2006
Detetive Particular;8;0,0004;2006
Digitador;8;0,0004;2006
Diplomata;3;0,0002;2006
Diretor de Empresas;51;0,0026;2006
Diretor de Estabelecimento de Ensino;17;0,0009;2006
Dona de Casa;72;0,0037;2006
Economista;153;0,0079;2006
Economista Doméstico;2;0,0001;2006
Eletricista e Assemelhados;38;0,002;2006
Empregado Doméstico;7;0,0004;2006
Empresário;1375;0,0714;2006
Encanador, Soldador, Chapeador e Caldeireiro;10;0,0005;2006
Enfermeiro;46;0,0024;2006
Engenheiro;353;0,0183;2006
Engraxate;1;0,0001;2006
Escritor e Crítico;20;0,001;2006
Escultor e Pintor;11;0,0006;2006
Estatístico;2;0,0001;2006
Esteticista;3;0,0002;2006
Estivador, Carregador e Assemelhados;1;0,0001;2006
Estofador;1;0,0001;2006
Estudante, Bolsista, Estagiário e Assemelhados;320;0,0166;2006
Farmacêutico;33;0,0017;2006
Faxineiro;3;0,0002;2006
Feirante, Ambulante e Mascate;21;0,0011;2006
Ferroviário;9;0,0005;2006
Fiandeiro, Tecelão, Tingidor e Assemelhados;2;0,0001;2006
Fiscal;22;0,0011;2006
Fiscal de Transporte Coletivo;5;0,0003;2006
Fisioterapeuta e Terapeuta Ocupacional;17;0,0009;2006
Fonoaudiólogo;2;0,0001;2006
Fotógrafo e Assemelhados;16;0,0008;2006
Frentista;7;0,0004;2006
Funileiro;3;0,0002;2006
Físico;2;0,0001;2006
Gari ou Lixeiro;4;0,0002;2006
Garimpeiro;2;0,0001;2006
Garçom;15;0,0008;2006
Gerente;71;0,0037;2006
Geógrafo;6;0,0003;2006
Geólogo;13;0,0007;2006
Governador;16;0,0008;2006
Guardador de Veículos;2;0,0001;2006
Guia de Turismo;4;0,0002;2006
Historiador;6;0,0003;2006
Industrial;48;0,0025;2006
Jardineiro;2;0,0001;2006
Joalheiro e Ourives;2;0,0001;2006
Jornaleiro;3;0,0002;2006
Jornalista e Redator;195;0,0101;2006
Lanterneiro e Pintor de Veículos;6;0,0003;2006
Lavandeiro, Tintureiro e Assemelhados;1;0,0001;2006
Leiloeiro, Avaliador e Assemelhados;3;0,0002;2006
Leiturista;1;0,0001;2006
Locutor e Comentarista de Rádio e Televisão e Radialista;202;0,0105;2006
Magistrado;3;0,0002;2006
Manicure e Maquilador;3;0,0002;2006
Maquinista e Foguista de Embarcações e Assemelhados;1;0,0001;2006
Marinheiro Civil, Canoeiro, Embarcado e Assemelhados;4;0,0002;2006
Massagista;1;0,0001;2006
Matemático e Atuário;3;0,0002;2006
Mecânico de Manutenção;42;0,0022;2006
Membro das Forças Armadas;48;0,0025;2006
Mestre e Contramestre de Embarcação;1;0,0001;2006
Militar Reformado;124;0,0064;2006
Ministro de Estado;1;0,0001;2006
Modelo;1;0,0001;2006
Montador de Máquinas;1;0,0001;2006
Motoboy;5;0,0003;2006
Motorista Particular;76;0,0039;2006
Motorista de Veículos de Transporte Coletivo de Passageiros;74;0,0038;2006
Motorista de Veículos de Transporte de Carga;35;0,0018;2006
Médico;780;0,0405;2006
Músico;40;0,0021;2006
Nutricionista e Assemelhados;8;0,0004;2006
Ocupante de Cargo em Comissão;29;0,0015;2006
Odontólogo;104;0,0054;2006
Office-Boy e Contínuo;2;0,0001;2006
Operador de Aparelhos de Produção Industrial;11;0,0006;2006
Operador de Computador;2;0,0001;2006
Operador de Equipamento Médico e Odontológico;1;0,0001;2006
Operador de Equipamento de Rádio, Televisão, Som e Cinema;8;0,0004;2006
Operador de Implemento de Agricultura, Pecuária e Exploração Florestal;2;0,0001;2006
Operador de Instalação de Produção de Energia Elétrica e Nuclear;1;0,0001;2006
Padeiro, Confeiteiro e Assemelhados;9;0,0005;2006
Pecuarista;75;0,0039;2006
Pedagogo;60;0,0031;2006
Pescador;15;0,0008;2006
Petroleiro;11;0,0006;2006
Piloto de Aviação Comercial, Navegador, Mecânico de Vôo e Assemelhados;10;0,0005;2006
Policial Civil;99;0,0051;2006
Policial Militar;590;0,0306;2006
Porteiro de Edifício, Ascensorista, Garagista e Zelador;16;0,0008;2006
Presidente da República;1;0,0001;2006
Produtor Agropecuário;90;0,0047;2006
Produtor de Espetáculos Públicos;26;0,0013;2006
Professor de Ensino Fundamental;213;0,0111;2006
Professor de Ensino Médio;571;0,0296;2006
Professor de Ensino Superior;344;0,0179;2006
Professor e Instrutor de Formação Profissional;65;0,0034;2006
Programador de Computador;6;0,0003;2006
Protético;14;0,0007;2006
Psicólogo;40;0,0021;2006
Publicitário;81;0,0042;2006
Químico;6;0,0003;2006
Recepcionista;6;0,0003;2006
Relações-Públicas;4;0,0002;2006
Relojoeiro e Montador de Instrumento de Precisão;1;0,0001;2006
Representante Comercial;130;0,0067;2006
Sacerdote ou Membro de Ordem ou Seita Religiosa;106;0,0055;2006
Secretário e Datilógrafo;22;0,0011;2006
Securitário;3;0,0002;2006
Senador;33;0,0017;2006
Serralheiro;8;0,0004;2006
Serventuário de Justiça;17;0,0009;2006
Servidor Público Civil Aposentado;197;0,0102;2006
Servidor Público Estadual;748;0,0388;2006
Servidor Público Federal;461;0,0239;2006
Servidor Público Municipal;312;0,0162;2006
Sociólogo;29;0,0015;2006
Supervisor, Inspetor e Agente de Compras e Vendas;17;0,0009;2006
Tabelião;10;0,0005;2006
Taquígrafo e Estenógrafo;1;0,0001;2006
Taxista;40;0,0021;2006
Telefonista;5;0,0003;2006
Terapeuta;7;0,0004;2006
Torneiro Mecânico;5;0,0003;2006
Trabalhador Dos Serviços de Contabilidade, de Caixa e Assemelhados;8;0,0004;2006
Trabalhador Florestal;1;0,0001;2006
Trabalhador Metalúrgico e Siderúrgico;25;0,0013;2006
Trabalhador Rural;17;0,0009;2006
Trabalhador de Artes Gráficas;15;0,0008;2006
Trabalhador de Construção Civil;51;0,0026;2006
Trabalhador de Fabricação de Calçados e Artefatos de Couro;2;0,0001;2006
Trabalhador de Fabricação de Produtos Têxteis (Exceto Roupas);1;0,0001;2006
Trabalhador de Fabricação de Roupas;3;0,0002;2006
Trabalhador de Fabricação, Vulcanização e Reparação de Pneumáticos;1;0,0001;2006
Trabalhador de Hotelaria;1;0,0001;2006
Trabalhador de Minas e Pedreiras, Sondador e Assemelhados;2;0,0001;2006
Trabalhador em Atividade de Processamento Químico;2;0,0001;2006
Tradutor, Intérprete e Filólogo;2;0,0001;2006
Técnico Contabilidade, Estatística, Economia Doméstica e Administração;102;0,0053;2006
Técnico Têxtil;1;0,0001;2006
Técnico de Biologia;3;0,0002;2006
Técnico de Eletricidade, Eletrônica e Telecomunicações;40;0,0021;2006
Técnico de Enfermagem e Assemelhados (Exceto Enfermeiro);63;0,0033;2006
Técnico de Laboratório e Raios X;15;0,0008;2006
Técnico de Mecânica;16;0,0008;2006
Técnico de Mineração, Metalurgia e Geologia;5;0,0003;2006
Técnico de Obras Civis, Estradas, Saneamento e Assemelhados;10;0,0005;2006
Técnico de Química;4;0,0002;2006
Técnico em Agronomia e Agrimensura;15;0,0008;2006
Técnico em Edificações;10;0,0005;2006
Técnico em Informática;18;0,0009;2006
Vendedor Pracista, Representante, Caixeiro-Viajante e Assemelhados;104;0,0054;2006
Vendedor de Comércio Varejista e Atacadista;116;0,006;2006
Vereador;856;0,0444;2006
Veterinário;43;0,0022;2006
Vigilante;77;0,004;2006
Zootecnista;6;0,0003;2006
Administrador;522;0,0232;2010
Advogado;1355;0,0601;2010
Agenciador de Propaganda;4;0,0002;2010
Agente Administrativo;196;0,0087;2010
Agente Postal;18;0,0008;2010
Agente de Saúde e Sanitarista;53;0,0024;2010
Agente de Serviços Funerários e Embalsamador;1;0;2010
Agente de Viagem;9;0,0004;2010
Agricultor;221;0,0098;2010
Agrônomo;29;0,0013;2010
Alfaiate e Costureiro;6;0,0003;2010
Almoxarife;8;0,0004;2010
Analista de Sistemas;38;0,0017;2010
Antropólogo;1;0;2010
Aposentado (Exceto Servidor Público);568;0,0252;2010
Arqueólogo;2;0,0001;2010
Arquiteto;38;0,0017;2010
Arquivista e Museólogo;3;0,0001;2010
Artesão;38;0,0017;2010
Artista Plástico e Assemelhados;17;0,0008;2010
Artista de Circo;3;0,0001;2010
Assistente Social;57;0,0025;2010
Astrólogo;1;0;2010
Astrônomo;12;0,0005;2010
Atendente de Lanchonete e Restaurante;9;0,0004;2010
Atleta Profissional e Técnico em Desportos;25;0,0011;2010
Ator e Diretor de Espetáculos Públicos;25;0,0011;2010
Auxiliar de Escritório e Assemelhados;188;0,0083;2010
Auxiliar de Laboratório;9;0,0004;2010
Bancário e Economiário;137;0,0061;2010
Bibliotecário;5;0,0002;2010
Biomédico;9;0,0004;2010
Biólogo;21;0,0009;2010
Bombeiro Civil;6;0,0003;2010
Bombeiro Militar;68;0,003;2010
Bombeiro e Instalador de Gás, Água, Esgoto e Assemelhados;2;0,0001;2010
Cabeleireiro e Barbeiro;91;0,004;2010
Cantor e Compositor;71;0,0032;2010
Capitalista de Ativos Financeiros;1;0;2010
Carpinteiro, Marceneiro e Assemelhados;12;0,0005;2010
Carvoeiro;1;0;2010
Catador de Recicláveis;3;0,0001;2010
Chaveiro;4;0,0002;2010
Cientista Político;6;0,0003;2010
Cobrador de Transporte Coletivo;19;0,0008;2010
Comerciante;1135;0,0504;2010
Comerciário;123;0,0055;2010
Comunicólogo;11;0,0005;2010
Contador;190;0,0084;2010
Corretor de Imóveis, Seguros, Títulos e Valores;184;0,0082;2010
Cortador, Polidor e Gravador de Pedras;1;0;2010
Cozinheiro;19;0,0008;2010
Decorador;4;0,0002;2010
Demonstrador;2;0,0001;2010
Deputado;1095;0,0486;2010
Desenhista;11;0,0005;2010
Despachante;20;0,0009;2010
Detetive Particular;4;0,0002;2010
Digitador;13;0,0006;2010
Diplomata;4;0,0002;2010
Diretor de Empresas;69;0,0031;2010
Diretor de Estabelecimento de Ensino;22;0,001;2010
Dona de Casa;337;0,015;2010
Economista;131;0,0058;2010
Eletricista e Assemelhados;70;0,0031;2010
Empregado Doméstico;11;0,0005;2010
Empresário;1925;0,0854;2010
Encanador, Soldador, Chapeador e Caldeireiro;4;0,0002;2010
Enfermeiro;103;0,0046;2010
Engenheiro;322;0,0143;2010
Escritor e Crítico;22;0,001;2010
Escultor e Pintor;1;0;2010
Estatístico;1;0;2010
Esteticista;9;0,0004;2010
Estivador, Carregador e Assemelhados;4;0,0002;2010
Estudante, Bolsista, Estagiário e Assemelhados;355;0,0158;2010
Farmacêutico;40;0,0018;2010
Faxineiro;4;0,0002;2010
Feirante, Ambulante e Mascate;9;0,0004;2010
Ferroviário;3;0,0001;2010
Fiandeiro, Tecelão, Tingidor e Assemelhados;3;0,0001;2010
Fiscal;43;0,0019;2010
Fiscal de Transporte Coletivo;4;0,0002;2010
Fisioterapeuta e Terapeuta Ocupacional;31;0,0014;2010
Fonoaudiólogo;4;0,0002;2010
Fotógrafo e Assemelhados;33;0,0015;2010
Frentista;9;0,0004;2010
Gari ou Lixeiro;9;0,0004;2010
Garimpeiro;5;0,0002;2010
Garçom;19;0,0008;2010
Gerente;112;0,005;2010
Geógrafo;6;0,0003;2010
Geólogo;12;0,0005;2010
Governador;16;0,0007;2010
Guardador de Veículos;2;0,0001;2010
Guia de Turismo;3;0,0001;2010
Historiador;11;0,0005;2010
Industrial;44;0,002;2010
Jardineiro;6;0,0003;2010
Joalheiro e Ourives;2;0,0001;2010
Jornaleiro;3;0,0001;2010
Jornalista e Redator;229;0,0102;2010
Lanterneiro e Pintor de Veículos;5;0,0002;2010
Lavador de Veículos;3;0,0001;2010
Leiloeiro, Avaliador e Assemelhados;3;0,0001;2010
Locutor e Comentarista de Rádio e Televisão e Radialista;108;0,0048;2010
Magistrado;1;0;2010
Manicure e Maquilador;10;0,0004;2010
Marinheiro Civil, Canoeiro, Embarcado e Assemelhados;6;0,0003;2010
Massagista;6;0,0003;2010
Mecânico de Manutenção;49;0,0022;2010
Membro das Forças Armadas;60;0,0027;2010
Membro do Ministério Público;9;0,0004;2010
Militar Reformado;172;0,0076;2010
Ministro de Estado;2;0,0001;2010
Modelo;2;0,0001;2010
Montador de Estrutura Metálica;3;0,0001;2010
Motoboy;25;0,0011;2010
Motorista Particular;92;0,0041;2010
Motorista de Veículos de Transporte Coletivo de Passageiros;98;0,0043;2010
Motorista de Veículos de Transporte de Carga;47;0,0021;2010
Médico;673;0,0299;2010
Músico;79;0,0035;2010
Nutricionista e Assemelhados;2;0,0001;2010
Oceanógrafo;3;0,0001;2010
Ocupante de Cargo em Comissão;28;0,0012;2010
Odontólogo;101;0,0045;2010
Office-Boy e Contínuo;1;0;2010
Operador de Aparelhos de Produção Industrial;18;0,0008;2010
Operador de Computador;5;0,0002;2010
Operador de Equipamento de Rádio, Televisão, Som e Cinema;12;0,0005;2010
Operador de Instalação de Produção de Energia Elétrica e Nuclear;3;0,0001;2010
Padeiro, Confeiteiro e Assemelhados;7;0,0003;2010
Paramédico;2;0,0001;2010
Pecuarista;62;0,0028;2010
Pedagogo;127;0,0056;2010
Pescador;18;0,0008;2010
Petroleiro;16;0,0007;2010
Piloto de Aviação Comercial, Navegador, Mecânico de Vôo e Assemelhados;5;0,0002;2010
Policial Civil;141;0,0063;2010
Policial Militar;473;0,021;2010
Porteiro de Edifício, Ascensorista, Garagista e Zelador;28;0,0012;2010
Prefeito;1;0;2010
Produtor Agropecuário;55;0,0024;2010
Produtor de Espetáculos Públicos;38;0,0017;2010
Professor de Ensino Fundamental;291;0,0129;2010
Professor de Ensino Médio;651;0,0289;2010
Professor de Ensino Superior;335;0,0149;2010
Professor e Instrutor de Formação Profissional;90;0,004;2010
Programador de Computador;3;0,0001;2010
Protético;13;0,0006;2010
Psicólogo;69;0,0031;2010
Publicitário;75;0,0033;2010
Químico;10;0,0004;2010
Recepcionista;37;0,0016;2010
Relações-Públicas;14;0,0006;2010
Relojoeiro e Montador de Instrumento de Precisão;1;0;2010
Representante Comercial;119;0,0053;2010
Sacerdote ou Membro de Ordem ou Seita Religiosa;99;0,0044;2010
Salva-Vidas;3;0,0001;2010
Secretário e Datilógrafo;100;0,0044;2010
Securitário;2;0,0001;2010
Senador;46;0,002;2010
Serralheiro;11;0,0005;2010
Serventuário de Justiça;20;0,0009;2010
Servidor Público Civil Aposentado;92;0,0041;2010
Servidor Público Estadual;859;0,0381;2010
Servidor Público Federal;456;0,0202;2010
Servidor Público Municipal;431;0,0191;2010
Servidor da Justiça Eleitoral;3;0,0001;2010
Sociólogo;29;0,0013;2010
Supervisor, Inspetor e Agente de Compras e Vendas;31;0,0014;2010
Tabelião;8;0,0004;2010
Tapeceiro;3;0,0001;2010
Taquígrafo e Estenógrafo;1;0;2010
Taxista;55;0,0024;2010
Telefonista;20;0,0009;2010
Terapeuta;15;0,0007;2010
Torneiro Mecânico;6;0,0003;2010
Trabalhador Dos Serviços de Contabilidade, de Caixa e Assemelhados;4;0,0002;2010
Trabalhador Metalúrgico e Siderúrgico;23;0,001;2010
Trabalhador Rural;18;0,0008;2010
Trabalhador de Artes Gráficas;4;0,0002;2010
Trabalhador de Construção Civil;49;0,0022;2010
Trabalhador de Fabricação de Calçados e Artefatos de Couro;1;0;2010
Trabalhador de Fabricação de Produtos Têxteis (Exceto Roupas);1;0;2010
Trabalhador de Fabricação de Produtos de Borracha e Plástico;1;0;2010
Trabalhador de Fabricação de Roupas;4;0,0002;2010
Trabalhador de Fabricação e Preparação de Alimentos e Bebidas;3;0,0001;2010
Trabalhador de Hotelaria;1;0;2010
Trabalhador de Minas e Pedreiras, Sondador e Assemelhados;2;0,0001;2010
Trabalhador de Usinagem de Metais;2;0,0001;2010
Trabalhador em Atividade de Processamento Químico;3;0,0001;2010
Tradutor, Intérprete e Filólogo;5;0,0002;2010
Técnico Contabilidade, Estatística, Economia Doméstica e Administração;53;0,0024;2010
Técnico Têxtil;1;0;2010
Técnico de Biologia;1;0;2010
Técnico de Eletricidade, Eletrônica e Telecomunicações;32;0,0014;2010
Técnico de Enfermagem e Assemelhados (Exceto Enfermeiro);67;0,003;2010
Técnico de Laboratório e Raios X;14;0,0006;2010
Técnico de Mecânica;10;0,0004;2010
Técnico de Mineração, Metalurgia e Geologia;3;0,0001;2010
Técnico de Obras Civis, Estradas, Saneamento e Assemelhados;13;0,0006;2010
Técnico de Química;2;0,0001;2010
Técnico em Agronomia e Agrimensura;14;0,0006;2010
Técnico em Edificações;3;0,0001;2010
Técnico em Informática;30;0,0013;2010
Vendedor Pracista, Representante, Caixeiro-Viajante e Assemelhados;147;0,0065;2010
Vendedor de Comércio Varejista e Atacadista;94;0,0042;2010
Vereador;824;0,0366;2010
Veterinário;46;0,002;2010
Vigilante;108;0,0048;2010
Zootecnista;3;0,0001;2010
Administrador;724;0,0277;2014
Advogado;1436;0,0549;2014
Agenciador de Propaganda;2;0,0001;2014
Agente Administrativo;178;0,0068;2014
Agente Postal;22;0,0008;2014
Agente de Saúde e Sanitarista;73;0,0028;2014
Agente de Serviços Funerários e Embalsamador;2;0,0001;2014
Agente de Viagem;12;0,0005;2014
Agricultor;199;0,0076;2014
Agrônomo;32;0,0012;2014
Alfaiate e Costureiro;10;0,0004;2014
Almoxarife;9;0,0003;2014
Analista de Sistemas;34;0,0013;2014
Antropólogo;1;0;2014
Aposentado (Exceto Servidor Público);623;0,0238;2014
Arquiteto;35;0,0013;2014
Artesão;32;0,0012;2014
Artista Plástico e Assemelhados;36;0,0014;2014
Artista de Circo;8;0,0003;2014
Assistente Social;107;0,0041;2014
Astrólogo;2;0,0001;2014
Astrônomo;9;0,0003;2014
Atendente de Lanchonete e Restaurante;3;0,0001;2014
Atleta Profissional e Técnico em Desportos;25;0,001;2014
Ator e Diretor de Espetáculos Públicos;31;0,0012;2014
Auxiliar de Escritório e Assemelhados;260;0,0099;2014
Auxiliar de Laboratório;6;0,0002;2014
Bacteriologista e Assemelhados;1;0;2014
Bancário e Economiário;125;0,0048;2014
Bibliotecário;4;0,0002;2014
Biomédico;9;0,0003;2014
Biólogo;35;0,0013;2014
Bombeiro Civil;7;0,0003;2014
Bombeiro Militar;127;0,0049;2014
Bombeiro e Instalador de Gás, Água, Esgoto e Assemelhados;1;0;2014
Cabeleireiro e Barbeiro;145;0,0055;2014
Cantor e Compositor;96;0,0037;2014
Capitalista de Ativos Financeiros;2;0,0001;2014
Carpinteiro, Marceneiro e Assemelhados;18;0,0007;2014
Catador de Recicláveis;3;0,0001;2014
Ceramista e Oleiro;1;0;2014
Chaveiro;2;0,0001;2014
Cientista Político;11;0,0004;2014
Cobrador de Transporte Coletivo;13;0,0005;2014
Comandante de Embarcações;1;0;2014
Comerciante;1057;0,0404;2014
Comerciário;104;0,004;2014
Comunicólogo;19;0,0007;2014
Contador;219;0,0084;2014
Corretor de Imóveis, Seguros, Títulos e Valores;238;0,0091;2014
Coveiro;2;0,0001;2014
Cozinheiro;31;0,0012;2014
Decorador;2;0,0001;2014
Deputado;1071;0,0409;2014
Desenhista;7;0,0003;2014
Despachante;15;0,0006;2014
Detetive Particular;4;0,0002;2014
Digitador;8;0,0003;2014
Diplomata;4;0,0002;2014
Diretor de Empresas;48;0,0018;2014
Diretor de Estabelecimento de Ensino;19;0,0007;2014
Dona de Casa;576;0,022;2014
Economista;96;0,0037;2014
Economista Doméstico;3;0,0001;2014
Eletricista e Assemelhados;73;0,0028;2014
Embalador, Empacotador e Assemelhados;2;0,0001;2014
Empregado Doméstico;23;0,0009;2014
Empresário;2457;0,0939;2014
Encanador, Soldador, Chapeador e Caldeireiro;4;0,0002;2014
Enfermeiro;177;0,0068;2014
Engenheiro;258;0,0099;2014
Engraxate;1;0;2014
Escritor e Crítico;19;0,0007;2014
Estatístico;1;0;2014
Esteticista;21;0,0008;2014
Estivador, Carregador e Assemelhados;7;0,0003;2014
Estofador;3;0,0001;2014
Estudante, Bolsista, Estagiário e Assemelhados;543;0,0208;2014
Farmacêutico;43;0,0016;2014
Faxineiro;9;0,0003;2014
Feirante, Ambulante e Mascate;17;0,0006;2014
Ferroviário;5;0,0002;2014
Fiandeiro, Tecelão, Tingidor e Assemelhados;1;0;2014
Fiscal;36;0,0014;2014
Fiscal de Transporte Coletivo;3;0,0001;2014
Fisioterapeuta e Terapeuta Ocupacional;48;0,0018;2014
Fonoaudiólogo;5;0,0002;2014
Fotógrafo e Assemelhados;32;0,0012;2014
Frentista;6;0,0002;2014
Funileiro;4;0,0002;2014
Gari ou Lixeiro;17;0,0006;2014
Garimpeiro;1;0;2014
Garçom;17;0,0006;2014
Geofísico;1;0;2014
Gerente;114;0,0044;2014
Geógrafo;9;0,0003;2014
Geólogo;7;0,0003;2014
Governador;17;0,0006;2014
Guardador de Veículos;1;0;2014
Guia de Turismo;10;0,0004;2014
Historiador;19;0,0007;2014
Industrial;34;0,0013;2014
Jardineiro;8;0,0003;2014
Joalheiro e Ourives;1;0;2014
Jornaleiro;4;0,0002;2014
Jornalista e Redator;322;0,0123;2014
Lanterneiro e Pintor de Veículos;2;0,0001;2014
Leiturista;1;0;2014
Locutor e Comentarista de Rádio e Televisão e Radialista;119;0,0045;2014
Manicure e Maquilador;19;0,0007;2014
Marinheiro Civil, Canoeiro, Embarcado e Assemelhados;3;0,0001;2014
Massagista;6;0,0002;2014
Matemático e Atuário;1;0;2014
Mecânico de Manutenção;44;0,0017;2014
Membro das Forças Armadas;58;0,0022;2014
Membro do Ministério Público;8;0,0003;2014
Meteorologista;1;0;2014
Militar Reformado;127;0,0049;2014
Ministro de Estado;5;0,0002;2014
Modelo;3;0,0001;2014
Montador de Estrutura Metálica;1;0;2014
Montador de Máquinas;1;0;2014
Motoboy;25;0,001;2014
Motorista Particular;103;0,0039;2014
Motorista de Veículos de Transporte Coletivo de Passageiros;98;0,0037;2014
Motorista de Veículos de Transporte de Carga;44;0,0017;2014
Médico;609;0,0233;2014
Músico;83;0,0032;2014
Nutricionista e Assemelhados;16;0,0006;2014
Oceanógrafo;6;0,0002;2014
Ocupante de Cargo em Comissão;47;0,0018;2014
Odontólogo;88;0,0034;2014
Office-Boy e Contínuo;1;0;2014
Operador de Aparelhos de Produção Industrial;10;0,0004;2014
Operador de Computador;2;0,0001;2014
Operador de Equipamento de Rádio, Televisão, Som e Cinema;19;0,0007;2014
Operador de Implemento de Agricultura, Pecuária e Exploração Florestal;1;0;2014
Operador de Instalação de Produção de Energia Elétrica e Nuclear;2;0,0001;2014
Padeiro, Confeiteiro e Assemelhados;14;0,0005;2014
Pecuarista;67;0,0026;2014
Pedagogo;163;0,0062;2014
Pescador;18;0,0007;2014
Petroleiro;13;0,0005;2014
Piloto de Aviação Comercial, Navegador, Mecânico de Vôo e Assemelhados;2;0,0001;2014
Policial Civil;156;0,006;2014
Policial Militar;576;0,022;2014
Porteiro de Edifício, Ascensorista, Garagista e Zelador;35;0,0013;2014
Prefeito;2;0,0001;2014
Presidente da República;1;0;2014
Produtor Agropecuário;60;0,0023;2014
Produtor de Espetáculos Públicos;26;0,001;2014
Professor de Ensino Fundamental;390;0,0149;2014
Professor de Ensino Médio;788;0,0301;2014
Professor de Ensino Superior;348;0,0133;2014
Professor e Instrutor de Formação Profissional;97;0,0037;2014
Programador de Computador;5;0,0002;2014
Protético;12;0,0005;2014
Psicólogo;82;0,0031;2014
Publicitário;86;0,0033;2014
Químico;8;0,0003;2014
Recepcionista;48;0,0018;2014
Relações-Públicas;11;0,0004;2014
Relojoeiro e Montador de Instrumento de Precisão;1;0;2014
Representante Comercial;123;0,0047;2014
Sacerdote ou Membro de Ordem ou Seita Religiosa;115;0,0044;2014
Secretário e Datilógrafo;146;0,0056;2014
Securitário;8;0,0003;2014
Senador;35;0,0013;2014
Serralheiro;9;0,0003;2014
Serventuário de Justiça;16;0,0006;2014
Servidor Público Civil Aposentado;112;0,0043;2014
Servidor Público Estadual;989;0,0378;2014
Servidor Público Federal;494;0,0189;2014
Servidor Público Municipal;590;0,0226;2014
Sociólogo;33;0,0013;2014
Supervisor, Inspetor e Agente de Compras e Vendas;33;0,0013;2014
Tabelião;4;0,0002;2014
Tapeceiro;2;0,0001;2014
Taxista;75;0,0029;2014
Telefonista;18;0,0007;2014
Terapeuta;19;0,0007;2014
Torneiro Mecânico;7;0,0003;2014
Trabalhador Dos Serviços de Contabilidade, de Caixa e Assemelhados;7;0,0003;2014
Trabalhador Florestal;1;0;2014
Trabalhador Metalúrgico e Siderúrgico;18;0,0007;2014
Trabalhador Rural;25;0,001;2014
Trabalhador de Artes Gráficas;3;0,0001;2014
Trabalhador de Construção Civil;57;0,0022;2014
Trabalhador de Fabricação de Calçados e Artefatos de Couro;1;0;2014
Trabalhador de Fabricação de Roupas;11;0,0004;2014
Trabalhador de Hotelaria;2;0,0001;2014
Trabalhador de Minas e Pedreiras, Sondador e Assemelhados;1;0;2014
Trabalhador de Usinagem de Metais;1;0;2014
Trabalhador em Atividade de Processamento Químico;3;0,0001;2014
Tradutor, Intérprete e Filólogo;2;0,0001;2014
Técnico Contabilidade, Estatística, Economia Doméstica e Administração;81;0,0031;2014
Técnico Têxtil;1;0;2014
Técnico de Biologia;1;0;2014
Técnico de Eletricidade, Eletrônica e Telecomunicações;41;0,0016;2014
Técnico de Enfermagem e Assemelhados (Exceto Enfermeiro);95;0,0036;2014
Técnico de Laboratório e Raios X;23;0,0009;2014
Técnico de Mecânica;9;0,0003;2014
Técnico de Mineração, Metalurgia e Geologia;1;0;2014
Técnico de Obras Civis, Estradas, Saneamento e Assemelhados;10;0,0004;2014
Técnico de Química;3;0,0001;2014
Técnico em Agronomia e Agrimensura;17;0,0006;2014
Técnico em Edificações;10;0,0004;2014
Técnico em Informática;30;0,0011;2014
Vendedor Pracista, Representante, Caixeiro-Viajante e Assemelhados;173;0,0066;2014
Vendedor de Comércio Varejista e Atacadista;151;0,0058;2014
Vereador;1078;0,0412;2014
Veterinário;29;0,0011;2014
Vigilante;124;0,0047;2014
Zootecnista;3;0,0001;2014
Administrador;693;0,0238;2018
Advogado;1823;0,0625;2018
Agenciador de Propaganda;2;0,0001;2018
Agente Administrativo;127;0,0044;2018
Agente Postal;13;0,0004;2018
Agente de Saúde e Sanitarista;88;0,003;2018
Agente de Serviços Funerários e Embalsamador;3;0,0001;2018
Agente de Viagem;4;0,0001;2018
Agricultor;259;0,0089;2018
Agrônomo;35;0,0012;2018
Alfaiate e Costureiro;7;0,0002;2018
Almoxarife;5;0,0002;2018
Analista de Sistemas;51;0,0017;2018
Antropólogo;4;0,0001;2018
Aposentado (Exceto Servidor Público);794;0,0272;2018
Arquiteto;63;0,0022;2018
Arquivista e Museólogo;3;0,0001;2018
Artesão;49;0,0017;2018
Artista Plástico e Assemelhados;31;0,0011;2018
Artista de Circo;8;0,0003;2018
Assistente Social;180;0,0062;2018
Astrólogo;1;0;2018
Astrônomo;11;0,0004;2018
Atendente de Lanchonete e Restaurante;14;0,0005;2018
Atleta Profissional e Técnico em Desportos;27;0,0009;2018
Ator e Diretor de Espetáculos Públicos;42;0,0014;2018
Auxiliar de Escritório e Assemelhados;205;0,007;2018
Auxiliar de Laboratório;7;0,0002;2018
Bancário e Economiário;100;0,0034;2018
Bibliotecário;8;0,0003;2018
Biomédico;13;0,0004;2018
Biólogo;25;0,0009;2018
Bombeiro Civil;19;0,0007;2018
Bombeiro Militar;105;0,0036;2018
Bombeiro e Instalador de Gás, Água, Esgoto e Assemelhados;2;0,0001;2018
Cabeleireiro e Barbeiro;167;0,0057;2018
Cantor e Compositor;74;0,0025;2018
Capitalista de Ativos Financeiros;2;0,0001;2018
Carpinteiro, Marceneiro e Assemelhados;15;0,0005;2018
Catador de Recicláveis;9;0,0003;2018
Ceramista e Oleiro;1;0;2018
Chaveiro;2;0,0001;2018
Cientista Político;14;0,0005;2018
Cobrador de Transporte Coletivo;23;0,0008;2018
Comandante de Embarcações;1;0;2018
Comerciante;1019;0,035;2018
Comerciário;77;0,0026;2018
Comissário de Bordo;2;0,0001;2018
Comunicólogo;17;0,0006;2018
Contador;202;0,0069;2018
Coreógrafo e Bailarino;3;0,0001;2018
Corretor de Imóveis, Seguros, Títulos e Valores;270;0,0093;2018
Cozinheiro;50;0,0017;2018
Decorador;3;0,0001;2018
Deputado;1117;0,0383;2018
Desenhista;10;0,0003;2018
Despachante;21;0,0007;2018
Detetive Particular;8;0,0003;2018
Digitador;5;0,0002;2018
Diretor de Empresas;25;0,0009;2018
Diretor de Estabelecimento de Ensino;22;0,0008;2018
Dona de Casa;495;0,017;2018
Economista;119;0,0041;2018
Economista Doméstico;3;0,0001;2018
Eletricista e Assemelhados;68;0,0023;2018
Embalador, Empacotador e Assemelhados;1;0;2018
Empregado Doméstico;25;0,0009;2018
Empresário;3012;0,1033;2018
Encanador, Soldador, Chapeador e Caldeireiro;7;0,0002;2018
Enfermeiro;213;0,0073;2018
Engenheiro;355;0,0122;2018
Engraxate;1;0;2018
Escritor e Crítico;27;0,0009;2018
Escultor e Pintor;4;0,0001;2018
Estatístico;2;0,0001;2018
Esteticista;34;0,0012;2018
Estudante, Bolsista, Estagiário e Assemelhados;573;0,0197;2018
Farmacêutico;54;0,0019;2018
Faxineiro;13;0,0004;2018
Feirante, Ambulante e Mascate;22;0,0008;2018
Ferroviário;5;0,0002;2018
Fiandeiro, Tecelão, Tingidor e Assemelhados;1;0;2018
Fiscal;32;0,0011;2018
Fisioterapeuta e Terapeuta Ocupacional;59;0,002;2018
Fonoaudiólogo;8;0,0003;2018
Fotógrafo e Assemelhados;39;0,0013;2018
Frentista;8;0,0003;2018
Funileiro;3;0,0001;2018
Físico;1;0;2018
Gari ou Lixeiro;20;0,0007;2018
Garimpeiro;6;0,0002;2018
Garçom;29;0,001;2018
Gerente;124;0,0043;2018
Geógrafo;9;0,0003;2018
Geólogo;5;0,0002;2018
Governador;16;0,0005;2018
Governanta;1;0;2018
Guia de Turismo;9;0,0003;2018
Historiador;22;0,0008;2018
Industrial;17;0,0006;2018
Jardineiro;5;0,0002;2018
Jornaleiro;5;0,0002;2018
Jornalista e Redator;345;0,0118;2018
Lanterneiro e Pintor de Veículos;2;0,0001;2018
Lavador de Veículos;1;0;2018
Leiturista;2;0,0001;2018
Locutor e Comentarista de Rádio e Televisão e Radialista;113;0,0039;2018
Magistrado;8;0,0003;2018
Manicure e Maquilador;14;0,0005;2018
Marinheiro Civil, Canoeiro, Embarcado e Assemelhados;5;0,0002;2018
Massagista;8;0,0003;2018
Matemático e Atuário;2;0,0001;2018
Mecânico de Manutenção;60;0,0021;2018
Membro das Forças Armadas;91;0,0031;2018
Membro do Ministério Público;4;0,0001;2018
Militar Reformado;215;0,0074;2018
Ministro de Estado;3;0,0001;2018
Modelo;8;0,0003;2018
Montador de Estrutura Metálica;6;0,0002;2018
Montador de Máquinas;3;0,0001;2018
Motoboy;28;0,001;2018
Motorista Particular;176;0,006;2018
Motorista de Veículos de Transporte Coletivo de Passageiros;118;0,004;2018
Motorista de Veículos de Transporte de Carga;63;0,0022;2018
Médico;677;0,0232;2018
Músico;93;0,0032;2018
Nutricionista e Assemelhados;29;0,001;2018
Oceanógrafo;9;0,0003;2018
Ocupante de Cargo em Comissão;19;0,0007;2018
Odontólogo;97;0,0033;2018
Office-Boy e Contínuo;1;0;2018
Operador de Aparelhos de Produção Industrial;14;0,0005;2018
Operador de Computador;7;0,0002;2018
Operador de Equipamento Médico e Odontológico;2;0,0001;2018
Operador de Equipamento de Rádio, Televisão, Som e Cinema;7;0,0002;2018
Operador de Implemento de Agricultura, Pecuária e Exploração Florestal;5;0,0002;2018
Operador de Instalação de Produção de Energia Elétrica e Nuclear;4;0,0001;2018
Padeiro, Confeiteiro e Assemelhados;17;0,0006;2018
Paramédico;1;0;2018
Pecuarista;60;0,0021;2018
Pedagogo;184;0,0063;2018
Pescador;29;0,001;2018
Petroleiro;8;0,0003;2018
Piloto de Aviação Comercial, Navegador, Mecânico de Vôo e Assemelhados;7;0,0002;2018
Policial Civil;186;0,0064;2018
Policial Militar;603;0,0207;2018
Porteiro de Edifício, Ascensorista, Garagista e Zelador;29;0,001;2018
Prefeito;7;0,0002;2018
Produtor Agropecuário;70;0,0024;2018
Produtor de Espetáculos Públicos;37;0,0013;2018
Professor de Ensino Fundamental;440;0,0151;2018
Professor de Ensino Médio;771;0,0264;2018
Professor de Ensino Superior;429;0,0147;2018
Professor e Instrutor de Formação Profissional;121;0,0042;2018
Programador de Computador;8;0,0003;2018
Protético;1;0;2018
Psicólogo;103;0,0035;2018
Publicitário;84;0,0029;2018
Químico;13;0,0004;2018
Recepcionista;40;0,0014;2018
Relações-Públicas;15;0,0005;2018
Relojoeiro e Montador de Instrumento de Precisão;1;0;2018
Representante Comercial;132;0,0045;2018
Sacerdote ou Membro de Ordem ou Seita Religiosa;120;0,0041;2018
Salva-Vidas;1;0;2018
Secretário e Datilógrafo;91;0,0031;2018
Securitário;1;0;2018
Senador;51;0,0017;2018
Serralheiro;13;0,0004;2018
Serventuário de Justiça;13;0,0004;2018
Servidor Público Civil Aposentado;163;0,0056;2018
Servidor Público Estadual;719;0,0247;2018
Servidor Público Federal;456;0,0156;2018
Servidor Público Municipal;484;0,0166;2018
Sociólogo;43;0,0015;2018
Supervisor, Inspetor e Agente de Compras e Vendas;33;0,0011;2018
Tabelião;4;0,0001;2018
Tapeceiro;1;0;2018
Taxista;77;0,0026;2018
Telefonista;16;0,0005;2018
Terapeuta;13;0,0004;2018
Torneiro Mecânico;6;0,0002;2018
Trabalhador Dos Serviços de Contabilidade, de Caixa e Assemelhados;6;0,0002;2018
Trabalhador Florestal;3;0,0001;2018
Trabalhador Metalúrgico e Siderúrgico;19;0,0007;2018
Trabalhador Rural;41;0,0014;2018
Trabalhador de Artes Gráficas;2;0,0001;2018
Trabalhador de Construção Civil;53;0,0018;2018
Trabalhador de Fabricação de Produtos Têxteis (Exceto Roupas);2;0,0001;2018
Trabalhador de Fabricação de Produtos de Borracha e Plástico;1;0;2018
Trabalhador de Fabricação de Roupas;3;0,0001;2018
Trabalhador de Fabricação, Vulcanização e Reparação de Pneumáticos;1;0;2018
Trabalhador de Hotelaria;2;0,0001;2018
Trabalhador de Usinagem de Metais;2;0,0001;2018
Tradutor, Intérprete e Filólogo;6;0,0002;2018
Técnico Contabilidade, Estatística, Economia Doméstica e Administração;62;0,0021;2018
Técnico de Biologia;3;0,0001;2018
Técnico de Eletricidade, Eletrônica e Telecomunicações;25;0,0009;2018
Técnico de Enfermagem e Assemelhados (Exceto Enfermeiro);130;0,0045;2018
Técnico de Laboratório e Raios X;19;0,0007;2018
Técnico de Mecânica;11;0,0004;2018
Técnico de Mineração, Metalurgia e Geologia;1;0;2018
Técnico de Obras Civis, Estradas, Saneamento e Assemelhados;17;0,0006;2018
Técnico de Química;5;0,0002;2018
Técnico em Agronomia e Agrimensura;19;0,0007;2018
Técnico em Edificações;11;0,0004;2018
Técnico em Informática;24;0,0008;2018
Vendedor Pracista, Representante, Caixeiro-Viajante e Assemelhados;209;0,0072;2018
Vendedor de Comércio Varejista e Atacadista;156;0,0054;2018
Vereador;960;0,0329;2018
Veterinário;52;0,0018;2018
Vigilante;176;0,006;2018
Zootecnista;7;0,0002;2018
AGENTE DE VIAGEM E GUIA DE TURISMO;1;0;2022
Administrador;942;0,0322;2022
Advogado;2103;0,0719;2022
Agenciador de Propaganda;8;0,0003;2022
Agente Administrativo;169;0,0058;2022
Agente Postal;10;0,0003;2022
Agente de Saúde e Sanitarista;60;0,0021;2022
Agente de Serviços Funerários e Embalsamador;3;0,0001;2022
Agente de Viagem;8;0,0003;2022
Agricultor;299;0,0102;2022
Agrônomo;37;0,0013;2022
Alfaiate e Costureiro;7;0,0002;2022
Almoxarife;10;0,0003;2022
Analista de Sistemas;52;0,0018;2022
Antropólogo;2;0,0001;2022
Aposentado (Exceto Servidor Público);853;0,0292;2022
Arqueólogo;1;0;2022
Arquiteto;50;0,0017;2022
Artesão;37;0,0013;2022
Artista Plástico e Assemelhados;21;0,0007;2022
Artista de Circo;3;0,0001;2022
Assistente Social;193;0,0066;2022
Astrônomo;4;0,0001;2022
Atendente de Lanchonete e Restaurante;3;0,0001;2022
Atleta Profissional e Técnico em Desportos;26;0,0009;2022
Ator e Diretor de Espetáculos Públicos;44;0,0015;2022
Auxiliar de Escritório e Assemelhados;158;0,0054;2022
Auxiliar de Laboratório;6;0,0002;2022
Bacteriologista e Assemelhados;1;0;2022
Bancário e Economiário;70;0,0024;2022
Bibliotecário;3;0,0001;2022
Biomédico;15;0,0005;2022
Biólogo;24;0,0008;2022
Bombeiro Civil;21;0,0007;2022
Bombeiro Militar;123;0,0042;2022
Bombeiro e Instalador de Gás, Água, Esgoto e Assemelhados;2;0,0001;2022
CABELEIREIRO, BARBEIRO, MANICURE, MAQUILADOR, ESTETICISTA E MASSAGISTA;28;0,001;2022
Cabeleireiro e Barbeiro;135;0,0046;2022
Cantor e Compositor;106;0,0036;2022
Capitalista de Ativos Financeiros;1;0;2022
Carpinteiro, Marceneiro e Assemelhados;9;0,0003;2022
Catador de Recicláveis;10;0,0003;2022
Chaveiro;4;0,0001;2022
Cientista Político;27;0,0009;2022
Cobrador de Transporte Coletivo;13;0,0004;2022
Comandante de Embarcações;1;0;2022
Comerciante;860;0,0294;2022
Comerciário;59;0,002;2022
Comissário de Bordo;5;0,0002;2022
Comunicólogo;28;0,001;2022
Contador;168;0,0057;2022
Controlador de Tráfego Aéreo;1;0;2022
Coreógrafo e Bailarino;1;0;2022
Corretor de Imóveis, Seguros, Títulos e Valores;271;0,0093;2022
Cozinheiro;44;0,0015;2022
Decorador;7;0,0002;2022
Demonstrador;2;0,0001;2022
Deputado;1090;0,0372;2022
Desenhista;8;0,0003;2022
Despachante;19;0,0006;2022
Detetive Particular;1;0;2022
Digitador;6;0,0002;2022
Diplomata;2;0,0001;2022
Diretor de Empresas;36;0,0012;2022
Diretor de Estabelecimento de Ensino;13;0,0004;2022
Dona de Casa;338;0,0116;2022
ESTIVADOR, CARREGADOR, EMBALADOR E ASSEMELHADOS;1;0;2022
Economista;111;0,0038;2022
Economista Doméstico;1;0;2022
Eletricista e Assemelhados;51;0,0017;2022
Embalador, Empacotador e Assemelhados;2;0,0001;2022
Empregado Doméstico;17;0,0006;2022
Empresário;3723;0,1272;2022
Encanador, Soldador, Chapeador e Caldeireiro;4;0,0001;2022
Enfermeiro;244;0,0083;2022
Engenheiro;356;0,0122;2022
Engraxate;2;0,0001;2022
Escritor e Crítico;22;0,0008;2022
Escultor e Pintor;2;0,0001;2022
Esteticista;30;0,001;2022
Estofador;1;0;2022
Estudante, Bolsista, Estagiário e Assemelhados;380;0,013;2022
Farmacêutico;66;0,0023;2022
Faxineiro;7;0,0002;2022
Feirante, Ambulante e Mascate;21;0,0007;2022
Ferroviário;2;0,0001;2022
Fiscal;17;0,0006;2022
Fiscal de Transporte Coletivo;1;0;2022
Fisioterapeuta e Terapeuta Ocupacional;71;0,0024;2022
Fonoaudiólogo;18;0,0006;2022
Fotógrafo e Assemelhados;36;0,0012;2022
Frentista;9;0,0003;2022
Funileiro;1;0;2022
Físico;2;0,0001;2022
Gari ou Lixeiro;27;0,0009;2022
Garimpeiro;2;0,0001;2022
Garçom;16;0,0005;2022
Gerente;103;0,0035;2022
Geógrafo;12;0,0004;2022
Geólogo;4;0,0001;2022
Governador;14;0,0005;2022
Guia de Turismo;16;0,0005;2022
Historiador;20;0,0007;2022
Industrial;15;0,0005;2022
Jardineiro;8;0,0003;2022
Jornaleiro;5;0,0002;2022
Jornalista e Redator;459;0,0157;2022
Lanterneiro e Pintor de Veículos;6;0,0002;2022
Lavador de Veículos;1;0;2022
Leiloeiro, Avaliador e Assemelhados;2;0,0001;2022
Locutor e Comentarista de Rádio e Televisão e Radialista;124;0,0042;2022
Magistrado;2;0,0001;2022
Manicure e Maquilador;14;0,0005;2022
Maquinista e Foguista de Embarcações e Assemelhados;2;0,0001;2022
Marinheiro Civil, Canoeiro, Embarcado e Assemelhados;4;0,0001;2022
Massagista;9;0,0003;2022
Mecânico de Manutenção;56;0,0019;2022
Membro das Forças Armadas;63;0,0022;2022
Membro do Ministério Público;3;0,0001;2022
Militar Reformado;255;0,0087;2022
Ministro de Estado;3;0,0001;2022
Modelo;1;0;2022
Montador de Máquinas;1;0;2022
Motoboy;32;0,0011;2022
Motorista Particular;199;0,0068;2022
Motorista de Veículos de Transporte Coletivo de Passageiros;99;0,0034;2022
Motorista de Veículos de Transporte de Carga;79;0,0027;2022
Médico;701;0,024;2022
Músico;120;0,0041;2022
Nutricionista e Assemelhados;31;0,0011;2022
Oceanógrafo;2;0,0001;2022
Ocupante de Cargo em Comissão;23;0,0008;2022
Odontólogo;142;0,0049;2022
Operador de Aparelhos de Produção Industrial;14;0,0005;2022
Operador de Equipamento de Rádio, Televisão, Som e Cinema;5;0,0002;2022
Operador de Implemento de Agricultura, Pecuária e Exploração Florestal;3;0,0001;2022
Operador de Instalação de Produção de Energia Elétrica e Nuclear;3;0,0001;2022
PORTEIRO DE EDIFÍCIO, ASCENSORISTA, GARAGISTA, FAXINEIRO E ZELADOR;3;0,0001;2022
PROFESSOR DE ENSINO DE PRIMEIRO E SEGUNDO GRAUS;82;0,0028;2022
Padeiro, Confeiteiro e Assemelhados;19;0,0006;2022
Pecuarista;69;0,0024;2022
Pedagogo;181;0,0062;2022
Pescador;27;0,0009;2022
Petroleiro;3;0,0001;2022
Piloto de Aviação Comercial, Navegador, Mecânico de Vôo e Assemelhados;4;0,0001;2022
Policial Civil;186;0,0064;2022
Policial Militar;835;0,0285;2022
Porteiro de Edifício, Ascensorista, Garagista e Zelador;29;0,001;2022
Prefeito;1;0;2022
Presidente da República;1;0;2022
Produtor Agropecuário;108;0,0037;2022
Produtor de Espetáculos Públicos;39;0,0013;2022
Professor de Ensino Fundamental;345;0,0118;2022
Professor de Ensino Médio;495;0,0169;2022
Professor de Ensino Superior;336;0,0115;2022
Professor e Instrutor de Formação Profissional;125;0,0043;2022
Programador de Computador;11;0,0004;2022
Protético;4;0,0001;2022
Psicólogo;115;0,0039;2022
Publicitário;88;0,003;2022
Químico;7;0,0002;2022
Recepcionista;23;0,0008;2022
Relações-Públicas;17;0,0006;2022
Relojoeiro e Montador de Instrumento de Precisão;1;0;2022
Representante Comercial;108;0,0037;2022
SECRETÁRIO,ESTENÓGRAFO,DATILÓGRAFO,RECEPCIONISTA,TELEFONISTA,TAQUÍGRAF;29;0,001;2022
SENADOR, DEPUTADO E VEREADOR;11;0,0004;2022
Sacerdote ou Membro de Ordem ou Seita Religiosa;116;0,004;2022
Salva-Vidas;1;0;2022
Secretário e Datilógrafo;30;0,001;2022
Securitário;1;0;2022
Senador;31;0,0011;2022
Serralheiro;8;0,0003;2022
Serventuário de Justiça;16;0,0005;2022
Servidor Público Civil Aposentado;148;0,0051;2022
Servidor Público Estadual;764;0,0261;2022
Servidor Público Federal;343;0,0117;2022
Servidor Público Municipal;517;0,0177;2022
Sociólogo;40;0,0014;2022
Supervisor, Inspetor e Agente de Compras e Vendas;30;0,001;2022
TAXISTA E MOTORISTA PARTICULAR;4;0,0001;2022
Tabelião;4;0,0001;2022
Tapeceiro;4;0,0001;2022
Taxista;60;0,0021;2022
Telefonista;8;0,0003;2022
Terapeuta;34;0,0012;2022
Torneiro Mecânico;5;0,0002;2022
Trabalhador Dos Serviços de Contabilidade, de Caixa e Assemelhados;2;0,0001;2022
Trabalhador Florestal;1;0;2022
Trabalhador Metalúrgico e Siderúrgico;11;0,0004;2022
Trabalhador Rural;30;0,001;2022
Trabalhador de Artes Gráficas;4;0,0001;2022
Trabalhador de Construção Civil;34;0,0012;2022
Trabalhador de Fabricação de Roupas;5;0,0002;2022
Trabalhador de Hotelaria;1;0;2022
Trabalhador de Minas e Pedreiras, Sondador e Assemelhados;1;0;2022
Trabalhador de Usinagem de Metais;1;0;2022
Tradutor, Intérprete e Filólogo;2;0,0001;2022
Técnico Contabilidade, Estatística, Economia Doméstica e Administração;48;0,0016;2022
Técnico Têxtil;1;0;2022
Técnico de Eletricidade, Eletrônica e Telecomunicações;30;0,001;2022
Técnico de Enfermagem e Assemelhados (Exceto Enfermeiro);174;0,0059;2022
Técnico de Laboratório e Raios X;27;0,0009;2022
Técnico de Mecânica;13;0,0004;2022
Técnico de Mineração, Metalurgia e Geologia;6;0,0002;2022
Técnico de Obras Civis, Estradas, Saneamento e Assemelhados;17;0,0006;2022
Técnico de Química;4;0,0001;2022
Técnico em Agronomia e Agrimensura;17;0,0006;2022
Técnico em Edificações;6;0,0002;2022
Técnico em Informática;28;0,001;2022
Vendedor Pracista, Representante, Caixeiro-Viajante e Assemelhados;95;0,0032;2022
Vendedor de Comércio Varejista e Atacadista;155;0,0053;2022
Vereador;1105;0,0378;2022
Veterinário;57;0,0019;2022
Vigilante;149;0,0051;2022
Zootecnista;4;0,0001;2022
